{"rustc_fingerprint":4093375031862262755,"outputs":{"4614504638168534921":{"success":true,"status":"","code":0,"stdout":"rustc 1.75.0 (82e1608df 2023-12-21)\nbinary: rustc\ncommit-hash: 82e1608dfa6e0b5569232559e3d385fea5a93112\ncommit-date: 2023-12-21\nhost: x86_64-unknown-linux-gnu\nrelease: 1.75.0\nLLVM version: 17.0.6\n","stderr":""},"15729799797837862367":{"success":true,"status":"","code":0,"stdout":"___\nlib___.rlib\nlib___.so\nlib___.so\nlib___.a\nlib___.so\n/home/squiggles/.rustup/toolchains/stable-x86_64-unknown-linux-gnu\noff\npacked\nunpacked\n___\ndebug_assertions\npanic=\"unwind\"\nproc_macro\ntarget_arch=\"x86_64\"\ntarget_endian=\"little\"\ntarget_env=\"gnu\"\ntarget_family=\"unix\"\ntarget_feature=\"fxsr\"\ntarget_feature=\"sse\"\ntarget_feature=\"sse2\"\ntarget_has_atomic=\"16\"\ntarget_has_atomic=\"32\"\ntarget_has_atomic=\"64\"\ntarget_has_atomic=\"8\"\ntarget_has_atomic=\"ptr\"\ntarget_os=\"linux\"\ntarget_pointer_width=\"64\"\ntarget_vendor=\"unknown\"\nunix\n","stderr":""}},"successes":{}}